<?xml version="1.0" encoding="UTF-8"?>
<project-private xmlns="http://www.netbeans.org/ns/project-private/1">
    <editor-bookmarks xmlns="http://www.netbeans.org/ns/editor-bookmarks/2" lastBookmarkId="0"/>
    <open-files xmlns="http://www.netbeans.org/ns/projectui-open-files/2">
        <group>
            <file>file:/C:/Users/Abdulrahman/Documents/NetBeansProjects/Assignment3/src/java/aba/GeneralBean.java</file>
            <file>file:/C:/Users/Abdulrahman/Documents/NetBeansProjects/Assignment3/web/failed.jsp</file>
            <file>file:/C:/Users/Abdulrahman/Documents/NetBeansProjects/Assignment3/web/ChooseOption.jsp</file>
            <file>file:/C:/Users/Abdulrahman/Documents/NetBeansProjects/Assignment3/src/java/aba/Schedule.java</file>
            <file>file:/C:/Users/Abdulrahman/Documents/NetBeansProjects/Assignment3/src/java/aba/LoginServlet.java</file>
            <file>file:/C:/Users/Abdulrahman/Documents/NetBeansProjects/Assignment3/src/java/aba/CheckUserBean.java</file>
        </group>
    </open-files>
</project-private>
